SolarRad.,TempOut,OutHum,Hora
0,11.9,96,0
0,11.85,96.3333333333333,1
0,11.85,95.8333333333333,2
0,11.6,95.6666666666667,3
0,10,94.5,4
0,8.8,95,5
13.5,8.38333333333333,96.3333333333333,6
208.666666666667,10.0666666666667,97.8333333333333,7
512,13.4833333333333,89.1666666666667,8
351.666666666667,14.95,81.5,9
502,16.2333333333333,73.8333333333333,10
620.5,17.6833333333333,69.6666666666667,11
575.666666666667,19,64.8333333333333,12
551.833333333333,18.9,65.6666666666667,13
241.333333333333,17.1666666666667,70.3333333333333,14
212.5,16.5333333333333,71.6666666666667,15
92.3333333333333,15.9333333333333,72,16
17.3333333333333,13.633333333333301,84.1666666666667,17
0,13.1166666666667,84.8333333333333,18
0,12.3333333333333,88,19
0,11.633333333333301,91.3333333333333,20
0,11.1833333333333,92.6666666666667,21
0,10.4,93,22
0,10.4,94.6666666666667,23
0,10.7666666666667,95.3333333333333,0
0,10.7,95,1
0,9.91666666666667,94.8333333333333,2
0,9.41666666666667,95.6666666666667,3
0,9.86666666666667,96,4
0,10.1666666666667,96.3333333333333,5
15.5,9.86666666666667,96.5,6
144,10.8333333333333,96.3333333333333,7
218.333333333333,13.0333333333333,89.1666666666667,8
205.166666666667,14,84.8333333333333,9
428.333333333333,15.6166666666667,78.6666666666667,10
277.5,16.4666666666667,77.3333333333333,11
241.333333333333,15.5333333333333,81.6666666666667,12
321.666666666667,15.45,80.1666666666667,13
238.166666666667,15.5,81.1666666666667,14
175.666666666667,14.3,87.8333333333333,15
175.833333333333,14.0833333333333,86.6666666666667,16
47.3333333333333,14.1166666666667,84.1666666666667,17
0.833333333333333,12.9166666666667,89.6666666666667,18
0,11.7166666666667,91.1666666666667,19
0,11.7333333333333,92.6666666666667,20
0,11.8333333333333,91.6666666666667,21
0,11.9333333333333,88.8333333333333,22
0,11.1833333333333,89.8333333333333,23
0,9.71666666666667,90.8333333333333,0
0,8.5,93,1
0,8.11666666666667,94,2
0,7.53333333333333,94.8333333333333,3
0,7.35,96.1666666666667,4
0,7.4,95.6666666666667,5
29,7.01666666666667,96.5,6
263.166666666667,10.2333333333333,94.8333333333333,7
364.666666666667,14,81.3333333333333,8
513,15.7166666666667,75.8333333333333,9
696.166666666667,17.95,67,10
416.5,17.85,64,11
513.333333333333,18.8333333333333,62,12
341,18.7333333333333,63.8333333333333,13
683,18.6,70.5,14
511.166666666667,19.15,60.8333333333333,15
253.666666666667,18.6166666666667,61.5,16
83.6666666666667,17.6333333333333,64.1666666666667,17
0.333333333333333,14.7,69.6666666666667,18
0,13.6166666666667,74.6666666666667,19
0,12.133333333333301,82,20
0,9.93333333333333,89,21
0,8.83333333333333,92.1666666666667,22
0,8.2,93.5,23
0,7.61666666666667,94.3333333333333,0
0,7.76666666666667,95.8333333333333,1
0,7.95,95.8333333333333,2
0,7.25,95,3
0,6.45,95.5,4
0,6.23333333333333,96.1666666666667,5
19,7.18333333333333,97,6
138.333333333333,8.23333333333333,97.3333333333333,7
391.833333333333,10.5166666666667,95.8333333333333,8
686,14.8333333333333,82.6666666666667,9
890.833333333333,16.9333333333333,75.3333333333333,10
554.166666666667,18.9666666666667,65.6666666666667,11
437.5,20.0166666666667,60.5,12
955.166666666667,22.9,50.8333333333333,13
379.666666666667,21.3666666666667,57,14
557.333333333333,20.9,62.8333333333333,15
294,18.7666666666667,68.3333333333333,16
26.3333333333333,16.8,72.3333333333333,17
0.166666666666667,15.8666666666667,76.6666666666667,18
0,15.0833333333333,78.8333333333333,19
0,14.45,82.6666666666667,20
0,13.95,85.5,21
0,13.0166666666667,89,22
0,12.0833333333333,89.6666666666667,23
0,11.65,91.8333333333333,0
0,11.5166666666667,92,1
0,11.2833333333333,92.6666666666667,2
0,11.133333333333301,93,3
0,9.95,93.5,4
0,9.73333333333333,94.5,5
11.5,8.66666666666667,94.3333333333333,6
100.333333333333,9.5,96.5,7
416.5,13.0833333333333,88.1666666666667,8
642.833333333333,15.6166666666667,77.6666666666667,9
792.333333333333,17.7,66.8333333333333,10
852.333333333333,19.6333333333333,60,11
487,20.9166666666667,52.8333333333333,12
417.166666666667,21.5833333333333,49.3333333333333,13
268.833333333333,20.3833333333333,57.3333333333333,14
556,20.2333333333333,66,15
292.833333333333,19.2833333333333,67.5,16
38.1666666666667,16.6,75.6666666666667,17
0,11.4,92.3333333333333,18
0,11.5,94.5,19
0,11.5,95.5,20
0,11.35,95.5,21
0,11.5,96.1666666666667,22
0,11.85,96,23
0,11.9166666666667,96,0
0,11.7833333333333,96,1
0,11.7333333333333,96.3333333333333,2
0,11.5833333333333,96,3
0,11.6166666666667,96.8333333333333,4
0,11.6666666666667,96.3333333333333,5
9.16666666666667,11.5833333333333,95.8333333333333,6
75.1666666666667,12.05,94.3333333333333,7
202.666666666667,13.3,88,8
379,15.4166666666667,74.5,9
415.166666666667,16.8333333333333,66.1666666666667,10
325,17,67.5,11
446,18.3666666666667,61,12
397.166666666667,18.7,61.3333333333333,13
569.833333333333,19.65,58.6666666666667,14
307.333333333333,20.0833333333333,56.6666666666667,15
323.333333333333,20.4666666666667,56.1666666666667,16
86,19.05,60.3333333333333,17
0.5,15.0833333333333,74.6666666666667,18
0,13.05,85.3333333333333,19
0,11.65,89.1666666666667,20
0,11.5,91.6666666666667,21
0,10.7333333333333,92.5,22
0,9.71666666666667,93.1666666666667,23
0,8.51666666666667,93.6666666666667,0
0,7.56666666666667,94.5,1
0,7.15,95.3333333333333,2
0,6.55,95.6666666666667,3
0,7.63333333333333,96.8333333333333,4
0,7.18333333333333,93.8333333333333,5
10.3333333333333,5.85,94.5,6
142,7.21666666666667,96.8333333333333,7
374.333333333333,9.63333333333333,95.8333333333333,8
683.333333333333,13.6833333333333,81.1666666666667,9
849,16.5666666666667,70.8333333333333,10
988.666666666667,19.05,60,11
677.166666666667,20.0333333333333,55,12
410.833333333333,19.85,54,13
514.666666666667,21.2166666666667,55.8333333333333,14
122.666666666667,18.35,72,15
128.833333333333,15.15,87.6666666666667,16
97.3333333333333,16.65,78.6666666666667,17
0.833333333333333,13.8166666666667,89,18
0,12.383333333333301,91.8333333333333,19
0,11.9333333333333,93.3333333333333,20
0,11.75,93.5,21
0,11.2833333333333,94.5,22
0,11.6,94.6666666666667,23
0,11.5,93.3333333333333,0
0,11.0333333333333,93.3333333333333,1
0,10.5833333333333,94.6666666666667,2
0,10.95,93.3333333333333,3
0,11.1,92.3333333333333,4
0,9.83333333333333,93,5
16,8.73333333333333,94.3333333333333,6
141.166666666667,10.4166666666667,94.3333333333333,7
206,13.15,84.1666666666667,8
331.833333333333,14.3,80,9
467,15.883333333333301,74.3333333333333,10
625,17.4,65.5,11
926.333333333333,18.7666666666667,60.1666666666667,12
971.333333333333,20.2666666666667,53.5,13
752.166666666667,21.3333333333333,49.1666666666667,14
274.666666666667,21.1,50.1666666666667,15
9.16666666666667,15.95,77.3333333333333,16
17.5,13.1833333333333,94,17
1.66666666666667,13.0666666666667,91.5,18
0,12.1666666666667,91.6666666666667,19
0,11.383333333333301,93.8333333333333,20
0,10.9333333333333,94.3333333333333,21
0,10.75,95.8333333333333,22
0,10.9,94.8333333333333,23
0,11.05,95.1666666666667,0
0,10.9333333333333,95.1666666666667,1
0,10.9333333333333,95.8333333333333,2
0,10.8166666666667,96,3
0,10.7333333333333,96,4
0,11.0833333333333,95,5
18.5,11.25,94.8333333333333,6
169.166666666667,12.2666666666667,88.1666666666667,7
249.5,13.9666666666667,82.8333333333333,8
293.333333333333,15.2,77.6666666666667,9
690.666666666667,16.9166666666667,72.3333333333333,10
873.333333333333,19.4333333333333,61.3333333333333,11
822.333333333333,20.4166666666667,57.3333333333333,12
267,19.2666666666667,63.3333333333333,13
237.833333333333,17.6833333333333,72.5,14
148.333333333333,15.1833333333333,85.1666666666667,15
27.5,13.95,90.6666666666667,16
0.833333333333333,13.3666666666667,91.5,17
0,12.2666666666667,91.8333333333333,18
0,12.15,93.3333333333333,19
0,12.0333333333333,92.6666666666667,20
0,11.8333333333333,93.8333333333333,21
0,11.7,94.3333333333333,22
0,10.7166666666667,93.8333333333333,23
0,9.85,95,0
0,10.3,95,1
0,10.2666666666667,95.6666666666667,2
0,10.1,96,3
0,9.86666666666667,96.1666666666667,4
0,9.85,96,5
16.8333333333333,9.28333333333333,96,6
152.333333333333,9.61666666666667,96.6666666666667,7
469.166666666667,13.2,87.5,8
564.333333333333,15.3166666666667,79.3333333333333,9
797,16.8166666666667,74.1666666666667,10
979.333333333333,18.85,67.1666666666667,11
1010.33333333333,20.4833333333333,56,12
851,21.45,50.5,13
285.333333333333,20.4666666666667,55.1666666666667,14
38.3333333333333,14.25,78.8333333333333,15
47,14.25,88.6666666666667,16
36.5,14.15,90.3333333333333,17
1.83333333333333,13.6666666666667,92.1666666666667,18
0,12.5,91.5,19
0,12.1166666666667,93.6666666666667,20
0,12.2666666666667,92.5,21
0,12.4166666666667,90.1666666666667,22
0,12.1,91.1666666666667,23
0,11.8666666666667,91.3333333333333,0
0,11.6833333333333,92.6666666666667,1
0,11.7,93.1666666666667,2
0,11.633333333333301,92.6666666666667,3
0,9.88333333333333,93.6666666666667,4
0,8.68333333333333,94.8333333333333,5
15.1666666666667,8.88333333333333,96.1666666666667,6
80.3333333333333,11,94.8333333333333,7
193.333333333333,12.75,87.8333333333333,8
318.5,14.6,81.6666666666667,9
354.833333333333,16.5166666666667,73.8333333333333,10
370,16.5333333333333,69.6666666666667,11
431.5,16.8,67.1666666666667,12
369.166666666667,16.9333333333333,65.5,13
279.833333333333,16.9166666666667,65.1666666666667,14
230.333333333333,16.8,65.8333333333333,15
244.333333333333,17.55,62,16
98.3333333333333,17.2,65,17
0.333333333333333,13.9166666666667,77.6666666666667,18
0,12.8,81,19
0,11.7333333333333,84.8333333333333,20
0,11.1833333333333,87.1666666666667,21
0,9.58333333333333,90.5,22
0,9.33333333333333,93.5,23
0,10.0166666666667,93.5,0
0,11.0333333333333,91.5,1
0,11.6166666666667,88.8333333333333,2
0,11.4666666666667,90.1666666666667,3
0,11.5,89.5,4
0,11.2,88,5
22.5,10.5166666666667,89.1666666666667,6
117.5,11.5,88.1666666666667,7
294.666666666667,13.5333333333333,80.1666666666667,8
749.833333333333,15.7333333333333,72.1666666666667,9
1038.66666666667,17.6333333333333,64.6666666666667,10
936.166666666667,19.0333333333333,56.5,11
896,19.5,54.8333333333333,12
488,18.8666666666667,54.6666666666667,13
413.166666666667,19.9333333333333,52,14
227.333333333333,19.35,56.5,15
192.5,18.5666666666667,65.6666666666667,16
49.3333333333333,17.3333333333333,66.1666666666667,17
0.5,15.45,79.6666666666667,18
0,14.3166666666667,79.8333333333333,19
0,13.7,81.5,20
0,12.1166666666667,85.5,21
0,11.633333333333301,87.6666666666667,22
0,12.05,88,23
0,12.2166666666667,88.5,0
0,11.7166666666667,90.5,1
0,10.6,90,2
0,10.0666666666667,90.1666666666667,3
0,9.23333333333333,92.3333333333333,4
0,8.41666666666667,93.5,5
18.3333333333333,7.98333333333333,94.6666666666667,6
114.833333333333,9.35,95.1666666666667,7
325,13.383333333333301,83.8333333333333,8
322.166666666667,14.8,77.6666666666667,9
244.166666666667,15.4333333333333,72.1666666666667,10
197.333333333333,16.3166666666667,70.6666666666667,11
284.666666666667,17.15,68,12
401,17.9333333333333,63.3333333333333,13
568.5,19.0666666666667,59.1666666666667,14
627.666666666667,20.2666666666667,49.6666666666667,15
212.833333333333,19.55,53.8333333333333,16
94.5,18.1666666666667,66.8333333333333,17
0.666666666666667,14.6,80,18
0,12.75,86,19
0,13.0166666666667,87.1666666666667,20
0,12.65,87.8333333333333,21
0,10.9166666666667,90.6666666666667,22
0,11.0333333333333,92.5,23
0,10.5,92.6666666666667,0
0,10.3333333333333,94.3333333333333,1
0,10.6166666666667,94,2
0,10.4166666666667,94.5,3
0,10.4833333333333,94.8333333333333,4
0,10.5833333333333,95,5
18.5,10.0666666666667,94.3333333333333,6
165.166666666667,11.0833333333333,92.6666666666667,7
492.166666666667,15.133333333333301,77.8333333333333,8
574.833333333333,16.75,70,9
680.666666666667,18.8666666666667,61,10
728.833333333333,20.5333333333333,56.5,11
243.166666666667,20.2666666666667,57,12
327.166666666667,20.2833333333333,57.1666666666667,13
149.333333333333,17.2833333333333,76,14
47.8333333333333,13.383333333333301,88.8333333333333,15
25.8333333333333,11.5833333333333,93.8333333333333,16
13.8333333333333,11.5,95,17
0.166666666666667,11.25,95.1666666666667,18
0,9.95,94.6666666666667,19
0,8.75,95.5,20
0,8.33333333333333,96.3333333333333,21
0,8.46666666666667,96.6666666666667,22
0,8.9,97,23
0,9.13333333333333,97,0
0,9.36666666666667,97,1
0,9.03333333333333,97,2
0,9.35,97.1666666666667,3
0,9.5,97,4
0,9.23333333333333,97,5
23.8333333333333,8.26666666666667,96.3333333333333,6
209,10.633333333333301,97.5,7
555.333333333333,13.6166666666667,86.3333333333333,8
712.5,15.8,75.5,9
395.833333333333,16.3,68.5,10
504,17.1,62.5,11
758.5,18.3,59.3333333333333,12
1024.33333333333,19.1333333333333,53.6666666666667,13
816.833333333333,20.05,50.6666666666667,14
582.333333333333,20.3833333333333,43.8333333333333,15
352.833333333333,21.1333333333333,40.3333333333333,16
95,18.9666666666667,63,17
1.5,14.6,83,18
0,13.75,86,19
0,13.5,86,20
0,12.5166666666667,86.3333333333333,21
0,11.1666666666667,89,22
0,11.45,89,23
0,12.15,87.8333333333333,0
0,11.4166666666667,88.1666666666667,1
0,10.133333333333301,90.5,2
0,9,91.8333333333333,3
0,8.13333333333333,93.1666666666667,4
0,7.5,93.1666666666667,5
21.6666666666667,7.46666666666667,93.3333333333333,6
132.333333333333,9.55,92.1666666666667,7
401.5,12.8666666666667,81.3333333333333,8
594.666666666667,15.133333333333301,69.3333333333333,9
836,17.2666666666667,59.3333333333333,10
661.333333333333,18.1333333333333,53.5,11
977.166666666667,20.4333333333333,49.1666666666667,12
505.833333333333,19.3666666666667,51.8333333333333,13
341.166666666667,19.2,49.3333333333333,14
135.5,17.8166666666667,56.3333333333333,15
49.1666666666667,15.2166666666667,67.6666666666667,16
26.3333333333333,14.0666666666667,73.6666666666667,17
0,13.7666666666667,75.1666666666667,18
0,13.2333333333333,78.5,19
0,12.633333333333301,81,20
0,11.9666666666667,83.5,21
0,11.6166666666667,85,22
0,11.5,85.8333333333333,23
0,11.65,86.3333333333333,0
0,11.5333333333333,89.5,1
0,11.1833333333333,91.6666666666667,2
0,11.05,92.1666666666667,3
0,10.633333333333301,92.5,4
0,10.6833333333333,91.6666666666667,5
23,11.2833333333333,90.6666666666667,6
101.166666666667,12.0333333333333,89,7
426.166666666667,14.3,77.1666666666667,8
795.666666666667,16.7166666666667,66.1666666666667,9
437.833333333333,17.85,61,10
316.333333333333,17.3833333333333,63.1666666666667,11
351.666666666667,17.2,62.8333333333333,12
531.833333333333,17.6166666666667,64.5,13
574,18.0833333333333,61.8333333333333,14
287.166666666667,18.0833333333333,62.5,15
134.5,17.1833333333333,63.3333333333333,16
33.1666666666667,16.2166666666667,72.3333333333333,17
1.16666666666667,14.3666666666667,82.5,18
0,12.9666666666667,87.1666666666667,19
0,12.9166666666667,86.5,20
0,12.6833333333333,86,21
0,12.2,87.8333333333333,22
0,12.2,89.3333333333333,23
0,12.0666666666667,90.3333333333333,0
0,11.55,92.8333333333333,1
0,11.1833333333333,93.1666666666667,2
0,11.0333333333333,94.5,3
0,10.4333333333333,95,4
0,10.7,96,5
10.6666666666667,10.9333333333333,95.1666666666667,6
106.666666666667,11.9,90.3333333333333,7
199.666666666667,13.383333333333301,84.6666666666667,8
286.166666666667,14.45,80.6666666666667,9
676.166666666667,16.7666666666667,72,10
476,16.7,69.6666666666667,11
826.333333333333,18.1,68,12
399,17.5833333333333,65.5,13
313.333333333333,17.1833333333333,65.3333333333333,14
204.5,16.35,66.8333333333333,15
249.833333333333,17.0333333333333,63.3333333333333,16
58.1666666666667,15.6,70.1666666666667,17
1,14.4666666666667,74.1666666666667,18
0,13.5333333333333,78.3333333333333,19
0,12.2833333333333,84,20
0,11.633333333333301,86.3333333333333,21
0,12.6,84.5,22
0,12.55,85.5,23
0,12.2,86.8333333333333,0
0,11.8166666666667,88.1666666666667,1
0,11.9,88.3333333333333,2
0,11.6166666666667,89.8333333333333,3
0,11.4166666666667,89.6666666666667,4
0,11.5333333333333,89,5
9.83333333333333,10.75,91.3333333333333,6
60.5,11.5666666666667,89.6666666666667,7
168.333333333333,12.85,86.8333333333333,8
346,15.0166666666667,78,9
350,15.4833333333333,76.6666666666667,10
696.333333333333,15.7166666666667,80.5,11
800.666666666667,17.0666666666667,72.5,12
815.333333333333,16.3,74,13
614.166666666667,17.0333333333333,70.3333333333333,14
210.333333333333,15.7166666666667,71.5,15
226.833333333333,15.9333333333333,68.3333333333333,16
30.1666666666667,14.4166666666667,74.1666666666667,17
0.833333333333333,13.3666666666667,77.6666666666667,18
0,13.4833333333333,75.3333333333333,19
0,12.6666666666667,74.6666666666667,20
0,11.9333333333333,76.1666666666667,21
0,11.6833333333333,78,22
0,11.3166666666667,81.3333333333333,23
0,11.133333333333301,82.6666666666667,0
0,10.883333333333301,83.5,1
0,10.7333333333333,81.8333333333333,2
0,10.65,80.8333333333333,3
0,9.45,86.1666666666667,4
0,8.83333333333333,87,5
13.5,9.55,85.5,6
75.3333333333333,11.2666666666667,81.3333333333333,7
212,13.05,73.5,8
402.5,14.8,67.3333333333333,9
891.166666666667,16.65,62.3333333333333,10
961.5,18.15,52.6666666666667,11
1058.16666666667,19.5666666666667,48.3333333333333,12
954.166666666667,19.2,50.3333333333333,13
763.166666666667,18.95,52.6666666666667,14
493.833333333333,18,55.3333333333333,15
277.333333333333,17.2166666666667,57.1666666666667,16
63.1666666666667,15.65,61.3333333333333,17
1.5,13.883333333333301,68,18
0,12.75,73.3333333333333,19
0,12.4666666666667,73.1666666666667,20
0,11.75,75.1666666666667,21
0,10.2166666666667,79.3333333333333,22
0,9.16666666666667,81.3333333333333,23
0,8.38333333333333,81.6666666666667,0
0,6.41666666666667,88,1
0,5.7,90.5,2
0,5.21666666666667,92.6666666666667,3
0,6.38333333333333,93.1666666666667,4
0,6.91666666666667,91,5
20.1666666666667,6.3,92.3333333333333,6
155,8.56666666666667,87.6666666666667,7
525.5,13.3666666666667,71.8333333333333,8
748.666666666667,15.5,61.8333333333333,9
825.666666666667,16.6,58.1666666666667,10
921.166666666667,17.0666666666667,57.1666666666667,11
981.833333333333,18.3666666666667,51.6666666666667,12
951.333333333333,19.3333333333333,49.5,13
773.5,18.7666666666667,50.8333333333333,14
328,17.25,54.6666666666667,15
112.166666666667,15.8166666666667,59.6666666666667,16
34.5,14.6666666666667,65.3333333333333,17
1.5,13.5,72.6666666666667,18
0,12.4,81.3333333333333,19
0,11.2333333333333,84.3333333333333,20
0,9.8,87.6666666666667,21
0,8.18333333333333,90.3333333333333,22
0,7.51666666666667,93,23
0,8.28333333333333,94,0
0,9.08333333333333,92.3333333333333,1
0,7.9,92.6666666666667,2
0,7.5,94.1666666666667,3
0,7.35,94.5,4
0,6.71666666666667,94.5,5
5.5,7.76666666666667,96,6
37,9.73333333333333,93.1666666666667,7
164.5,11.8333333333333,85.8333333333333,8
418.333333333333,13.9166666666667,77.5,9
417,15.3166666666667,71.5,10
796.5,17,64.8333333333333,11
846.833333333333,18.2833333333333,58.5,12
752.166666666667,18.9,52.5,13
636.833333333333,18.6833333333333,48.3333333333333,14
418.833333333333,17.8333333333333,51.6666666666667,15
233.833333333333,16.5833333333333,54.5,16
63.1666666666667,15.0166666666667,60.3333333333333,17
0.5,13.65,68.5,18
0,12.5666666666667,73.8333333333333,19
0,11.0833333333333,79,20
0,9.31666666666667,84.1666666666667,21
0,8.53333333333333,88,22
0,7.56666666666667,89.8333333333333,23
0,6.46666666666667,90.8333333333333,0
0,6.01666666666667,91.8333333333333,1
0,5.41666666666667,92.3333333333333,2
0,4.65,93.6666666666667,3
0,5.41666666666667,95.3333333333333,4
0,5.53333333333333,94.5,5
16.6666666666667,5.31666666666667,95,6
187.333333333333,8.05,91.6666666666667,7
571,12.7666666666667,76.6666666666667,8
708,15.7666666666667,61.6666666666667,9
844.833333333333,17.4,55.8333333333333,10
955.333333333333,18.9666666666667,51.3333333333333,11
941.833333333333,20.0166666666667,48,12
809.833333333333,19.9166666666667,46.8333333333333,13
563.166666666667,19.4,48.5,14
373.5,18.2333333333333,52.3333333333333,15
283.666666666667,17.4333333333333,55.1666666666667,16
126.5,16.5333333333333,59,17
2.16666666666667,13.5833333333333,68.3333333333333,18
0,12.133333333333301,72,19
0,10.4333333333333,78.3333333333333,20
0,9,84.5,21
0,7.81666666666667,86.5,22
0,7.2,87.8333333333333,23
0,5.76666666666667,90.6666666666667,0
0,4.58333333333333,91.8333333333333,1
0,3.9,92.6666666666667,2
0,4.18333333333333,94,3
0,3.81666666666667,92.5,4
0,3.01666666666667,93.1666666666667,5
7.16666666666667,2.55,94.5,6
135.666666666667,4.63333333333333,93.6666666666667,7
440.166666666667,11.25,73.8333333333333,8
666.166666666667,15.0666666666667,56,9
836.666666666667,17.55,45.3333333333333,10
935.166666666667,19.0833333333333,43.6666666666667,11
969.333333333333,20.0833333333333,43.1666666666667,12
934.833333333333,20.7333333333333,44.6666666666667,13
621.333333333333,20.85,44.1666666666667,14
575.5,20.2833333333333,48,15
365.833333333333,19.05,49,16
84,16.6166666666667,52.5,17
2,14.3,61,18
0,12.8166666666667,68.6666666666667,19
0,11.7166666666667,74.3333333333333,20
0,10.2666666666667,80.5,21
0,9.93333333333333,81.3333333333333,22
0,8,86.1666666666667,23
0,7.25,89.8333333333333,0
0,6.86666666666667,92.5,1
0,5.7,93,2
0,5.06666666666667,94.3333333333333,3
0,4.6,94.8333333333333,4
0,4.51666666666667,95.6666666666667,5
6.33333333333333,5.06666666666667,96.5,6
142.833333333333,6.33333333333333,96.8333333333333,7
295,10.3333333333333,88.5,8
444.833333333333,13.4,75.3333333333333,9
678.833333333333,16.25,62.6666666666667,10
766.666666666667,18.85,52.1666666666667,11
568.833333333333,19.5,52,12
437.333333333333,19.7833333333333,50.5,13
618.333333333333,20,47.5,14
414.166666666667,19.9,42.8333333333333,15
207.333333333333,18.9,49.1666666666667,16
77.1666666666667,16.8,59.1666666666667,17
1.66666666666667,14.5666666666667,65.6666666666667,18
0,12.6166666666667,72.6666666666667,19
0,10.9333333333333,78,20
0,10.0166666666667,81.3333333333333,21
0,8.43333333333333,86.6666666666667,22
0,8.05,88.1666666666667,23
0,6.85,91.6666666666667,0
0,5.96666666666667,92.5,1
0,5.5,94,2
0,5.05,94.3333333333333,3
0,4.41666666666667,95.1666666666667,4
0,5.25,96.1666666666667,5
7.16666666666667,5.75,96,6
163.166666666667,6.78333333333333,96.8333333333333,7
441.166666666667,12.2833333333333,83.6666666666667,8
661.166666666667,15.4833333333333,69.5,9
787.833333333333,17.4833333333333,63,10
690.166666666667,19.3833333333333,52.3333333333333,11
812.333333333333,20.1833333333333,48.1666666666667,12
798.833333333333,20.9833333333333,46,13
527.166666666667,20.6166666666667,47.1666666666667,14
408.666666666667,20.75,46.1666666666667,15
258.666666666667,19.5166666666667,56.5,16
69,18.1,63.5,17
2.33333333333333,15.4666666666667,73.6666666666667,18
0,12.6666666666667,81.1666666666667,19
0,11.9833333333333,82.6666666666667,20
0,11.85,84.6666666666667,21
0,10.9333333333333,87,22
0,9.56666666666667,90,23
0,8.98333333333333,90.6666666666667,0
0,7.85,91.8333333333333,1
0,7.11666666666667,93.3333333333333,2
0,6.25,94.1666666666667,3
0,5.53333333333333,94.5,4
0,4.7,94.6666666666667,5
7,4.45,95.8333333333333,6
136.666666666667,6.63333333333333,96.6666666666667,7
445.166666666667,12.1666666666667,87.5,8
679.166666666667,15.3166666666667,75.3333333333333,9
805,18.4,64.3333333333333,10
310.5,19.6666666666667,58.3333333333333,11
823.5,21.2333333333333,52.5,12
382.666666666667,21.5833333333333,49.6666666666667,13
284.333333333333,20.75,51,14
109.5,19.8666666666667,50.1666666666667,15
91,19.15,62,16
75.1666666666667,18.3666666666667,69.8333333333333,17
5.33333333333333,16.45,74.8333333333333,18
0,13.5333333333333,81.1666666666667,19
0,12.1,83.8333333333333,20
0,12.5166666666667,83.8333333333333,21
0,12.4666666666667,85.6666666666667,22
0,11.7833333333333,88,23
0,11.4833333333333,89.6666666666667,0
0,11.4333333333333,91,1
0,11.1166666666667,91.3333333333333,2
0,9.33333333333333,91.3333333333333,3
0,7.75,93.1666666666667,4
0,8.38333333333333,95.8333333333333,5
20.5,10.4166666666667,94.5,6
145.5,11.5666666666667,90.6666666666667,7
467.5,14.3666666666667,80.1666666666667,8
461.333333333333,16.5,71.5,9
308.666666666667,17.05,67.6666666666667,10
609.833333333333,17.75,67.5,11
463.666666666667,19.1166666666667,63.5,12
494,20.5833333333333,56.8333333333333,13
516.333333333333,21.2166666666667,56.6666666666667,14
335.833333333333,20.3833333333333,58.1666666666667,15
171.833333333333,19.4166666666667,63.1666666666667,16
61,17.5166666666667,68.5,17
3.33333333333333,15.3666666666667,75.3333333333333,18
0,13.4333333333333,81,19
0,13.2833333333333,81.6666666666667,20
0,12.383333333333301,85.5,21
0,10.0166666666667,89.3333333333333,22
0,9.35,91.8333333333333,23
0,9.9,91.6666666666667,0
0,10.05,91.8333333333333,1
0,9.86666666666667,93.3333333333333,2
0,9.58333333333333,93.1666666666667,3
0,8.6,92.8333333333333,4
0,7.68333333333333,94.8333333333333,5
8.5,9.3,94.5,6
132,9.8,94,7
438.833333333333,12.95,85.3333333333333,8
671.5,15.383333333333301,77.5,9
654.5,18.0666666666667,67.8333333333333,10
511.666666666667,19.8833333333333,61.6666666666667,11
899.666666666667,21.8666666666667,56.8333333333333,12
1027.16666666667,24.55,49.1666666666667,13
801,23.9333333333333,49.1666666666667,14
615.666666666667,23.35,50.3333333333333,15
163.166666666667,21.1333333333333,55.8333333333333,16
38,18.3,64.3333333333333,17
2.5,17.1666666666667,69.3333333333333,18
0,15.7166666666667,73,19
0,14.5666666666667,78.1666666666667,20
0,12.5666666666667,84.5,21
0,10.6666666666667,88,22
0,9.26666666666667,90.6666666666667,23
0,8.36666666666667,92.6666666666667,0
0,7.75,93.8333333333333,1
0,6.9,94,2
0,6.43333333333333,94.8333333333333,3
0,6.05,95.3333333333333,4
0,6.65,96.3333333333333,5
7.5,6.6,96.3333333333333,6
121.833333333333,7.46666666666667,96.8333333333333,7
443.666666666667,11.3166666666667,92.6666666666667,8
653.5,14.0333333333333,83,9
747.666666666667,16.8,74.5,10
554.333333333333,18.75,67.6666666666667,11
434.666666666667,19.75,64,12
442.5,20.5166666666667,57.8333333333333,13
383.333333333333,21.2,53.8333333333333,14
216.5,20.1833333333333,56.8333333333333,15
127,19.1833333333333,69.3333333333333,16
73.3333333333333,17.7166666666667,75,17
6.83333333333333,15.85,80.3333333333333,18
0,14.2,82.8333333333333,19
0,12.6166666666667,86.3333333333333,20
0,12.633333333333301,88.5,21
0,12.8166666666667,86.6666666666667,22
0,12.6,87.3333333333333,23
0,11.7333333333333,88,0
0,9.31666666666667,90.3333333333333,1
0,7.86666666666667,92.8333333333333,2
0,7.05,93.6666666666667,3
0,6.38333333333333,94.1666666666667,4
0,5.83333333333333,94.6666666666667,5
15.6666666666667,5.48333333333333,95.3333333333333,6
167.333333333333,8.55,96.5,7
345.833333333333,11.8,89.8333333333333,8
486.833333333333,14.5,80.1666666666667,9
396.666666666667,17.1333333333333,68.8333333333333,10
558.833333333333,18.05,63.1666666666667,11
736,20.4666666666667,55.1666666666667,12
483.833333333333,20.2833333333333,54.8333333333333,13
416.166666666667,20.5333333333333,54,14
400.5,21,53.1666666666667,15
375.5,20.6333333333333,56.6666666666667,16
38,17.5333333333333,65,17
2.16666666666667,15.5666666666667,70.5,18
0,13.7833333333333,76,19
0,11.6,82.3333333333333,20
0,10.3166666666667,84.6666666666667,21
0,8.96666666666667,87.6666666666667,22
0,7.51666666666667,90.5,23
0,6.43333333333333,92.6666666666667,0
0,5.81666666666667,93.5,1
0,5.18333333333333,94.3333333333333,2
0,5.1,95.5,3
0,5.91666666666667,96,4
0,5.36666666666667,95.8333333333333,5
7,5.25,96,6
120,6.16666666666667,96.8333333333333,7
442.833333333333,9.65,95,8
663.333333333333,14.35,79,9
844.333333333333,17.5833333333333,66.8333333333333,10
1004.66666666667,21.05,52.6666666666667,11
769.5,22.75,46.5,12
617,23.5166666666667,35.6666666666667,13
735.333333333333,24.35,45.5,14
277.166666666667,22.1333333333333,59.5,15
240.333333333333,21.15,63.6666666666667,16
53.5,19.3666666666667,66.8333333333333,17
0.5,17.0833333333333,72.6666666666667,18
0,15.45,76.6666666666667,19
0,15.3166666666667,79.3333333333333,20
0,14.55,83.5,21
0,13.85,86.1666666666667,22
0,13.4,87.5,23
0,13.1666666666667,86.3333333333333,0
0,12.55,88.1666666666667,1
0,11.8666666666667,90.1666666666667,2
0,11.0333333333333,90.5,3
0,10.45,92,4
0,10.8166666666667,91.1666666666667,5
17.5,10.0333333333333,91.5,6
114.166666666667,11.0333333333333,91.8333333333333,7
481.666666666667,15.0833333333333,79.1666666666667,8
655.166666666667,18.5166666666667,66.5,9
856,20.5833333333333,60.5,10
727.5,21.7,55.6666666666667,11
423.833333333333,22.2666666666667,53,12
204.666666666667,20.8833333333333,62.6666666666667,13
182.166666666667,19.8333333333333,65.5,14
179,19.6166666666667,66.3333333333333,15
54.3333333333333,18.6833333333333,68.3333333333333,16
27.5,16.5166666666667,78,17
0,13.55,88.6666666666667,18
0,12.15,91.5,19
0,10.85,92.6666666666667,20
0,10.2666666666667,94.1666666666667,21
0,10.0833333333333,94.6666666666667,22
0,10.133333333333301,95.5,23
0,10.65,96,0
0,10.3333333333333,95.8333333333333,1
0,10.1666666666667,96.1666666666667,2
0,10.2166666666667,96.3333333333333,3
0,10.5666666666667,97,4
0,10.7,96.8333333333333,5
14.1666666666667,10.8166666666667,96.5,6
103.666666666667,11.5833333333333,96.1666666666667,7
206,12.8,93.1666666666667,8
328,14.6,87.6666666666667,9
571.833333333333,17.4,76.8333333333333,10
740.5,20.05,63.1666666666667,11
607,20.9666666666667,57.8333333333333,12
516.666666666667,21.7,54.1666666666667,13
312.166666666667,20.3,65,14
303.666666666667,19.8666666666667,68.8333333333333,15
196.833333333333,18.5333333333333,72.5,16
85.3333333333333,17.7666666666667,74,17
1.5,15.9666666666667,79.5,18
0,14.633333333333301,83.5,19
0,13.4333333333333,88.5,20
0,13.133333333333301,90.3333333333333,21
0,13.2833333333333,91,22
0,13.0833333333333,91.6666666666667,23
0,13.0666666666667,92,0
0,13.133333333333301,92,1
0,12.0166666666667,92.5,2
0,11.633333333333301,94.3333333333333,3
0,12.0833333333333,94.6666666666667,4
0,12.2,94.8333333333333,5
12.8333333333333,12.2333333333333,94.5,6
89.8333333333333,13.1833333333333,92.6666666666667,7
215.833333333333,14.8333333333333,86.3333333333333,8
314,16.1833333333333,80.5,9
431.166666666667,17.8833333333333,75.1666666666667,10
699,19.95,68.5,11
301.333333333333,19.7666666666667,67.5,12
305,19.8833333333333,65.8333333333333,13
336.833333333333,20.3333333333333,65.5,14
181.833333333333,20.2,66.5,15
258.833333333333,20.2666666666667,67.6666666666667,16
103.833333333333,18.6833333333333,71.3333333333333,17
2.83333333333333,16.0833333333333,78.6666666666667,18
0,14.1166666666667,85.5,19
0,12.8333333333333,90,20
0,11.9333333333333,92.6666666666667,21
0,12.2,93,22
0,12.3666666666667,93.1666666666667,23
0,12.4833333333333,93.3333333333333,0
0,12.8,92.6666666666667,1
0,12.6666666666667,93,2
0,12.5,93,3
0,12.4833333333333,93,4
0,12.05,93.5,5
11.5,11.55,93.6666666666667,6
82.6666666666667,11.9166666666667,93.3333333333333,7
153.333333333333,14.1166666666667,87.8333333333333,8
613.166666666667,17.3333333333333,73.3333333333333,9
803.166666666667,19.9,64.3333333333333,10
964.166666666667,22.2666666666667,57.1666666666667,11
713.333333333333,23.3333333333333,52.8333333333333,12
978.166666666667,23.3666666666667,58.8333333333333,13
847.166666666667,22.5833333333333,60.5,14
614.166666666667,22.7833333333333,57,15
310.5,21.2166666666667,60.8333333333333,16
100,18.8,67.6666666666667,17
3.5,16.0833333333333,76.8333333333333,18
0,14.3166666666667,83,19
0,13.1166666666667,87.8333333333333,20
0,13.383333333333301,88,21
0,13.05,90,22
0,12.8333333333333,89.1666666666667,23
0,13.4,85.8333333333333,0
0,12.8666666666667,86.3333333333333,1
0,11.15,89.5,2
0,9.86666666666667,93,3
0,9.28333333333333,94,4
0,8.91666666666667,94.6666666666667,5
14.8333333333333,8.98333333333333,95.5,6
79.8333333333333,10.75,95.3333333333333,7
417.166666666667,14.2666666666667,83.3333333333333,8
565.333333333333,16.4166666666667,75.1666666666667,9
781.833333333333,18.7166666666667,66.1666666666667,10
902.666666666667,20.3166666666667,61.1666666666667,11
888.166666666667,21.6,55.3333333333333,12
970.666666666667,22.7666666666667,50.6666666666667,13
801.333333333333,24.2,51.1666666666667,14
181.166666666667,18.7666666666667,72.8333333333333,15
91,16.85,79.6666666666667,16
25.1666666666667,15.3,84.1666666666667,17
5.5,13.4833333333333,89.8333333333333,18
0,12.0833333333333,91.5,19
0,11.8333333333333,93.8333333333333,20
0,11.7,93.3333333333333,21
0,10.9166666666667,94.8333333333333,22
0,11.8,95.6666666666667,23
0,12.2833333333333,95,0
0,12.35,94.6666666666667,1
0,12.4333333333333,94.3333333333333,2
0,12.3666666666667,92.8333333333333,3
0,12.2666666666667,91.6666666666667,4
0,12.1,91.8333333333333,5
5.66666666666667,11.8333333333333,93.1666666666667,6
96.1666666666667,12.4666666666667,91.1666666666667,7
224.833333333333,13.7666666666667,87.5,8
286.333333333333,15.0166666666667,81.3333333333333,9
746.5,18.0833333333333,69.1666666666667,10
1060.33333333333,20.3,57.1666666666667,11
973.333333333333,21.25,55.8333333333333,12
516.333333333333,22.35,50.3333333333333,13
815.5,23.75,44,14
650,23.8166666666667,43.5,15
407.833333333333,22.6833333333333,50.3333333333333,16
136,20.2333333333333,59.3333333333333,17
5.66666666666667,16.7166666666667,74.6666666666667,18
0,14.65,82.3333333333333,19
0,13.1666666666667,86.5,20
0,12.5833333333333,88.1666666666667,21
0,11.9166666666667,90.5,22
0,11.55,89.8333333333333,23
0,10.5333333333333,91,0
0,9.73333333333333,90.5,1
0,8.31666666666667,91,2
0,6.75,92.8333333333333,3
0,5.8,94.3333333333333,4
0,6.11666666666667,96.1666666666667,5
15.6666666666667,7.03333333333333,96,6
115.833333333333,8.65,94,7
356.5,11.7166666666667,85.8333333333333,8
564.833333333333,14.35,80.1666666666667,9
740.833333333333,17.7166666666667,65.6666666666667,10
801.5,20.0333333333333,53.6666666666667,11
922.833333333333,21.5333333333333,49.5,12
573.5,22.65,48.6666666666667,13
626.5,22.7,52.6666666666667,14
306.333333333333,21.9333333333333,55.1666666666667,15
354.5,21.8166666666667,55.6666666666667,16
56.5,19.1,64.8333333333333,17
2,16.9,74.3333333333333,18
0,15.7666666666667,80.5,19
0,15.2166666666667,81.6666666666667,20
0,14.3166666666667,80.6666666666667,21
0,13.1666666666667,84.6666666666667,22
0,12.8,85.6666666666667,23
0,12.0833333333333,87.6666666666667,0
0,12.1,87.1666666666667,1
0,11.9333333333333,86.5,2
0,11.1,89.8333333333333,3
0,10.8666666666667,90,4
0,10.383333333333301,90.5,5
12,10.383333333333301,91.6666666666667,6
95.3333333333333,11.883333333333301,85.6666666666667,7
327.166666666667,14.2333333333333,76.6666666666667,8
666.5,16.6,69.3333333333333,9
586.666666666667,18.5166666666667,59.1666666666667,10
281,17.7833333333333,59,11
369.833333333333,19.2,54.3333333333333,12
258.166666666667,19.85,51.6666666666667,13
247.666666666667,20.0333333333333,49.8333333333333,14
496.333333333333,21.2166666666667,47.5,15
107,19.45,51,16
35.3333333333333,17.9,59.1666666666667,17
2,15.3,70.1666666666667,18
0,13.7166666666667,76,19
0,12.383333333333301,81.1666666666667,20
0,11.6,84.1666666666667,21
0,10.55,87.3333333333333,22
0,10.3333333333333,88.5,23
0,10.6666666666667,88.1666666666667,0
0,11.3666666666667,85.6666666666667,1
0,11.3166666666667,84.5,2
0,11.0666666666667,82.6666666666667,3
0,10.7166666666667,80.6666666666667,4
0,9.91666666666667,81.1666666666667,5
15.5,10.45,81.1666666666667,6
108,12.0166666666667,74.8333333333333,7
326.333333333333,14.0166666666667,67.5,8
507.833333333333,16.1333333333333,57.8333333333333,9
678,18.1,54.3333333333333,10
523.666666666667,19.4666666666667,51.1666666666667,11
366.833333333333,19.9,48.5,12
705.833333333333,21.2833333333333,46.3333333333333,13
842.5,22.7333333333333,43.3333333333333,14
608.833333333333,22.45,44,15
321.666666666667,20.6333333333333,49.1666666666667,16
35.8333333333333,17.4666666666667,56.3333333333333,17
1,15.55,60.6666666666667,18
0,14.5333333333333,67.3333333333333,19
0,13.95,70.6666666666667,20
0,11.8,78.1666666666667,21
0,10.9333333333333,81.3333333333333,22
0,9.53333333333333,86.6666666666667,23
0,8.48333333333333,89.8333333333333,0
0,8.21666666666667,91.5,1
0,9.16666666666667,90.3333333333333,2
0,9.48333333333333,89.5,3
0,9.38333333333333,89.1666666666667,4
0,7.81666666666667,89.8333333333333,5
15,7.18333333333333,91.1666666666667,6
110.833333333333,9.31666666666667,87.8333333333333,7
381,14.2,70.1666666666667,8
591.833333333333,16.4666666666667,60.8333333333333,9
711.833333333333,18.25,54.8333333333333,10
359.833333333333,19.5666666666667,49.5,11
326.833333333333,19.5,49.6666666666667,12
748.666666666667,20.95,48.6666666666667,13
512.833333333333,21.0166666666667,47.6666666666667,14
250.5,20.0166666666667,47.8333333333333,15
